policy,load_scale,offered_demand_pct,jobs,misses,miss_rate,mean_response_ms,p95_response_ms,max_lateness_ms
blocking_fixed_order,0.6,37.5,425,0,0.0,8.847058823529462,38.399999999999864,-2.199999999999818
bounded_deadline_first,0.6,37.5,425,0,0.0,6.388235294117698,38.399999999999864,-17.599999999999454
blocking_fixed_order,0.675,42.1875,425,25,0.058823529411764705,10.367647058823534,45.224999999999454,2.525000000000091
bounded_deadline_first,0.675,42.1875,425,0,0.0,7.361764705882372,45.224999999999454,-17.149999999999636
blocking_fixed_order,0.75,46.875,425,25,0.058823529411764705,11.926470588235293,50.25,7.25
bounded_deadline_first,0.75,46.875,425,0,0.0,8.102941176470589,50.25,-17.5
blocking_fixed_order,0.825,51.5625,425,25,0.058823529411764705,14.70147058823529,67.64999999999964,11.975000000000364
bounded_deadline_first,0.825,51.5625,425,0,0.0,9.672058823529381,67.64999999999964,-16.849999999999454
blocking_fixed_order,0.9,56.25,425,25,0.058823529411764705,16.994117647058747,73.79999999999927,16.700000000000045
bounded_deadline_first,0.9,56.25,425,0,0.0,10.92352941176461,73.79999999999927,-16.499999999999773
blocking_fixed_order,0.9750000000000001,60.93750000000001,425,50,0.11764705882352941,18.77647058823538,79.94999999999982,21.425000000000182
bounded_deadline_first,0.9750000000000001,60.93750000000001,425,0,0.0,11.81911764705892,79.94999999999982,-16.474999999999454
blocking_fixed_order,1.05,65.625,425,50,0.11764705882352941,21.517647058823535,89.24999999999909,26.15000000000009
bounded_deadline_first,1.05,65.625,425,0,0.0,12.950000000000031,89.24999999999909,-15.899999999999636
blocking_fixed_order,1.125,70.3125,425,50,0.11764705882352941,24.147058823529413,95.625,30.875
bounded_deadline_first,1.125,70.3125,425,0,0.0,13.845588235294118,95.625,-15.875
blocking_fixed_order,1.2000000000000002,75.00000000000001,425,125,0.29411764705882354,27.62352941176469,119.99999999999955,35.600000000000364
bounded_deadline_first,1.2000000000000002,75.00000000000001,425,0,0.0,16.12941176470584,119.99999999999955,-15.599999999999454
blocking_fixed_order,1.275,79.6875,425,125,0.29411764705882354,31.999999999999805,131.3249999999989,40.325000000000045
bounded_deadline_first,1.275,79.6875,425,0,0.0,17.861764705882166,131.3249999999989,-15.949999999999818
blocking_fixed_order,1.35,84.375,425,100,0.23529411764705882,32.92352941176494,139.04999999999973,39.05000000000109
bounded_deadline_first,1.35,84.375,425,0,0.0,20.11176470588259,139.04999999999973,-14.99999999999909
blocking_fixed_order,1.4250000000000003,89.06250000000001,425,125,0.29411764705882354,37.639705882352935,151.04999999999836,51.05000000000064
bounded_deadline_first,1.4250000000000003,89.06250000000001,425,0,0.0,24.394117647058867,172.42499999999836,-14.799999999999272
blocking_fixed_order,1.5,93.75,425,150,0.35294117647058826,44.76470588235294,186.0,86.0
bounded_deadline_first,1.5,93.75,425,0,0.0,26.41176470588235,186.0,-12.5
blocking_fixed_order,1.5750000000000002,98.43750000000001,425,175,0.4117647058823529,49.15882352941183,195.29999999999927,95.300000000002
bounded_deadline_first,1.5750000000000002,98.43750000000001,425,0,0.0,28.14411764705878,195.29999999999927,-3.124999999998181
blocking_fixed_order,1.6500000000000004,103.12500000000003,425,258,0.6070588235294118,357.7479999999942,2990.379999999973,4975.399999999985
bounded_deadline_first,1.6500000000000004,103.12500000000003,425,303,0.7129411764705882,84.74152941176185,241.1799999999986,156.24999999998363
blocking_fixed_order,1.725,107.8125,425,272,0.64,404.433647058829,3222.6700000000174,5206.100000000014
bounded_deadline_first,1.725,107.8125,425,375,0.8823529411764706,198.51882352941504,405.1200000000124,390.6250000000173
blocking_fixed_order,1.8,112.5,425,277,0.6517647058823529,451.66352941176746,3454.9599999999978,5436.799999999998
bounded_deadline_first,1.8,112.5,425,391,0.92,314.12941176470883,603.5200000000002,624.9999999999982
