bits,levels,packed_table_bytes,aligned_table_bytes,metadata_bytes,packed_total_bytes,aligned_total_bytes,rmse,max_abs_error
8,8,8,8,16,24,24,0.07837353834179725,0.1523651702202935
12,8,12,16,16,28,32,0.07831880227373053,0.15204060286151033
8,16,16,16,16,32,32,0.021272864341193513,0.05175003691023705
12,16,24,32,16,40,48,0.0197424983654117,0.05007736181154698
8,32,32,32,16,48,48,0.005919824687354644,0.013762094537657421
12,32,48,64,16,64,80,0.004702411080699645,0.012424346041190026
8,64,64,64,16,80,80,0.002684724267525422,0.0050393457265739405
12,64,96,128,16,112,144,0.0011453938866419345,0.0030833406960261156
12,128,192,256,16,208,272,0.00031214530442914905,0.0008382250375617017
16,128,256,256,16,272,272,0.0002842799778375099,0.0007522954537145798
12,256,384,512,16,400,528,0.00014135252235351098,0.00034937149073721585
16,256,512,512,16,528,528,7.043401479992608e-05,0.0001993274883321794
