path,source,bytes,sha256,status
chapter_02/data/iot_project_scenarios.csv,Chapter_02/data/iot_project_scenarios.csv,1204,25ffe6d630c02158bbb2bdb5900b174145f3791e48c5758962dd80ffcaa57b7f,author-created synthetic teaching input
chapter_02/config/project_config.json,Chapter_02/config/project_config.json,217,6eb6e0480b49c3ceb6ca9cf92f74efda06f8d3b96c04b628970c7fe20c437a30,author-created synthetic teaching input
chapter_02/outputs/scenario_summary.csv,Chapter_02/outputs/scenario_summary.csv,1527,c9afea4be2eb97382347d44945f4789d8420d5855e9cd340505b75e8081d0443,"archived derived teaching output or provenance/configuration; original environment snapshot, not current audit run"
chapter_02/outputs/modified_scenario_summary.csv,Chapter_02/outputs/modified_scenario_summary.csv,1525,c2dd4068abf4942c1cf0c60607580a664c688e083a6945d4e57b46bfa7ed1797,"archived derived teaching output or provenance/configuration; original environment snapshot, not current audit run"
chapter_02/outputs/modified_config.json,Chapter_02/outputs/modified_config.json,308,1806ff8d8e500bf762b213fff16004af6fc2df8efc3f8c748ab3ebe8d72ded8a,"archived derived teaching output or provenance/configuration; original environment snapshot, not current audit run"
chapter_02/outputs/environment_manifest.json,Chapter_02/outputs/environment_manifest.json,477,e42094efa726b3420fbaa718310842a7453cd9380910a4a6a774ec1e715b9a88,"archived derived teaching output or provenance/configuration; original environment snapshot, not current audit run"
chapter_02/outputs/comparison_manifest.json,Chapter_02/outputs/comparison_manifest.json,907,f71cad750a280b6e42f4260c324603be1f3e6069755485d66d383a9e1fc9daf7,"archived derived teaching output or provenance/configuration; original environment snapshot, not current audit run"
chapter_27/data/exercise_27_1_resource_feasibility.csv,Chapter_27/data/exercise_27_1_resource_feasibility.csv,2107,131599d604aaab744e49d75b139e0bb11704aa339d3400a5b7fe0340df79e17d,deterministic model output; not physical measurements
chapter_27/data/exercise_27_2_scheduler_sweep.csv,Chapter_27/data/exercise_27_2_scheduler_sweep.csv,3911,cdbb25e47757af3b10615b431e6631e818e0b38d76aab92375ae60c808df92e3,deterministic model output; not physical measurements
chapter_27/data/exercise_27_3_pedagogical_agreement_data.csv,Chapter_27/data/exercise_27_3_pedagogical_agreement_data.csv,1388,51ea8664c41971209ac3f1d89c9c7f2cf9f36c81204be27493323343869e664a,pedagogical synthetic paired values or their derived summary; NEVER raw hardware evidence
chapter_27/data/exercise_27_3_pedagogical_agreement_summary.csv,Chapter_27/data/exercise_27_3_pedagogical_agreement_summary.csv,386,31b2875f2241c148d1f3d74558feb2570db0238183bc115ed6dee419f575615b,pedagogical synthetic paired values or their derived summary; NEVER raw hardware evidence
chapter_27/data/exercise_27_4_lut_pareto.csv,Chapter_27/data/exercise_27_4_lut_pareto.csv,900,bac55e5e3cb605bcb205004ff807996c6b97974b0aa6271bf4bca913b4a4b9c0,deterministic model output; not physical measurements
chapter_27/data/exercise_27_4_lut_sweep.csv,Chapter_27/data/exercise_27_4_lut_sweep.csv,1286,52621ba82ec545d22baa9137fcfeed5801c6f6b395634fd2255c0963a27afafb,deterministic model output; not physical measurements
chapter_27/environment_manifest.json,Chapter_27/environment_manifest.json,529,543f083db36a748562fd4cab598df364fe3b12b9984296916fad38b1897e6b7e,archived reference software environment; not a dataset or physical measurement
chapter_28/project_candidates.csv,Chapter_28/project_candidates.csv,2017,5d0fff6be8ddd7a1d6d6d42d47ebca9dc7dc140001cfad615d1883dc5d62d6d3,illustrative project-planning catalogue; subjective planning estimates
